[{"model": "auth.permission", "pk": 1, "fields": {"name": "Can add log entry", "content_type": 1, "codename": "add_logentry"}}, {"model": "auth.permission", "pk": 2, "fields": {"name": "Can change log entry", "content_type": 1, "codename": "change_logentry"}}, {"model": "auth.permission", "pk": 3, "fields": {"name": "Can delete log entry", "content_type": 1, "codename": "delete_logentry"}}, {"model": "auth.permission", "pk": 4, "fields": {"name": "Can view log entry", "content_type": 1, "codename": "view_logentry"}}, {"model": "auth.permission", "pk": 5, "fields": {"name": "Can add permission", "content_type": 2, "codename": "add_permission"}}, {"model": "auth.permission", "pk": 6, "fields": {"name": "Can change permission", "content_type": 2, "codename": "change_permission"}}, {"model": "auth.permission", "pk": 7, "fields": {"name": "Can delete permission", "content_type": 2, "codename": "delete_permission"}}, {"model": "auth.permission", "pk": 8, "fields": {"name": "Can view permission", "content_type": 2, "codename": "view_permission"}}, {"model": "auth.permission", "pk": 9, "fields": {"name": "Can add group", "content_type": 3, "codename": "add_group"}}, {"model": "auth.permission", "pk": 10, "fields": {"name": "Can change group", "content_type": 3, "codename": "change_group"}}, {"model": "auth.permission", "pk": 11, "fields": {"name": "Can delete group", "content_type": 3, "codename": "delete_group"}}, {"model": "auth.permission", "pk": 12, "fields": {"name": "Can view group", "content_type": 3, "codename": "view_group"}}, {"model": "auth.permission", "pk": 13, "fields": {"name": "Can add user", "content_type": 4, "codename": "add_user"}}, {"model": "auth.permission", "pk": 14, "fields": {"name": "Can change user", "content_type": 4, "codename": "change_user"}}, {"model": "auth.permission", "pk": 15, "fields": {"name": "Can delete user", "content_type": 4, "codename": "delete_user"}}, {"model": "auth.permission", "pk": 16, "fields": {"name": "Can view user", "content_type": 4, "codename": "view_user"}}, {"model": "auth.permission", "pk": 17, "fields": {"name": "Can add content type", "content_type": 5, "codename": "add_contenttype"}}, {"model": "auth.permission", "pk": 18, "fields": {"name": "Can change content type", "content_type": 5, "codename": "change_contenttype"}}, {"model": "auth.permission", "pk": 19, "fields": {"name": "Can delete content type", "content_type": 5, "codename": "delete_contenttype"}}, {"model": "auth.permission", "pk": 20, "fields": {"name": "Can view content type", "content_type": 5, "codename": "view_contenttype"}}, {"model": "auth.permission", "pk": 21, "fields": {"name": "Can add session", "content_type": 6, "codename": "add_session"}}, {"model": "auth.permission", "pk": 22, "fields": {"name": "Can change session", "content_type": 6, "codename": "change_session"}}, {"model": "auth.permission", "pk": 23, "fields": {"name": "Can delete session", "content_type": 6, "codename": "delete_session"}}, {"model": "auth.permission", "pk": 24, "fields": {"name": "Can view session", "content_type": 6, "codename": "view_session"}}, {"model": "auth.permission", "pk": 25, "fields": {"name": "Can add Profile", "content_type": 7, "codename": "add_profile"}}, {"model": "auth.permission", "pk": 26, "fields": {"name": "Can change Profile", "content_type": 7, "codename": "change_profile"}}, {"model": "auth.permission", "pk": 27, "fields": {"name": "Can delete Profile", "content_type": 7, "codename": "delete_profile"}}, {"model": "auth.permission", "pk": 28, "fields": {"name": "Can view Profile", "content_type": 7, "codename": "view_profile"}}, {"model": "auth.permission", "pk": 29, "fields": {"name": "Can add Portfolio", "content_type": 8, "codename": "add_portfolio"}}, {"model": "auth.permission", "pk": 30, "fields": {"name": "Can change Portfolio", "content_type": 8, "codename": "change_portfolio"}}, {"model": "auth.permission", "pk": 31, "fields": {"name": "Can delete Portfolio", "content_type": 8, "codename": "delete_portfolio"}}, {"model": "auth.permission", "pk": 32, "fields": {"name": "Can view Portfolio", "content_type": 8, "codename": "view_portfolio"}}, {"model": "auth.permission", "pk": 33, "fields": {"name": "Can add Message", "content_type": 9, "codename": "add_message"}}, {"model": "auth.permission", "pk": 34, "fields": {"name": "Can change Message", "content_type": 9, "codename": "change_message"}}, {"model": "auth.permission", "pk": 35, "fields": {"name": "Can delete Message", "content_type": 9, "codename": "delete_message"}}, {"model": "auth.permission", "pk": 36, "fields": {"name": "Can view Message", "content_type": 9, "codename": "view_message"}}, {"model": "auth.permission", "pk": 37, "fields": {"name": "Can add Balance", "content_type": 10, "codename": "add_balance"}}, {"model": "auth.permission", "pk": 38, "fields": {"name": "Can change Balance", "content_type": 10, "codename": "change_balance"}}, {"model": "auth.permission", "pk": 39, "fields": {"name": "Can delete Balance", "content_type": 10, "codename": "delete_balance"}}, {"model": "auth.permission", "pk": 40, "fields": {"name": "Can view Balance", "content_type": 10, "codename": "view_balance"}}, {"model": "auth.permission", "pk": 41, "fields": {"name": "Can add Action", "content_type": 11, "codename": "add_action"}}, {"model": "auth.permission", "pk": 42, "fields": {"name": "Can change Action", "content_type": 11, "codename": "change_action"}}, {"model": "auth.permission", "pk": 43, "fields": {"name": "Can delete Action", "content_type": 11, "codename": "delete_action"}}, {"model": "auth.permission", "pk": 44, "fields": {"name": "Can view Action", "content_type": 11, "codename": "view_action"}}, {"model": "auth.permission", "pk": 45, "fields": {"name": "Can add image task", "content_type": 12, "codename": "add_imagetask"}}, {"model": "auth.permission", "pk": 46, "fields": {"name": "Can change image task", "content_type": 12, "codename": "change_imagetask"}}, {"model": "auth.permission", "pk": 47, "fields": {"name": "Can delete image task", "content_type": 12, "codename": "delete_imagetask"}}, {"model": "auth.permission", "pk": 48, "fields": {"name": "Can view image task", "content_type": 12, "codename": "view_imagetask"}}, {"model": "auth.permission", "pk": 49, "fields": {"name": "Can add tag", "content_type": 13, "codename": "add_tag"}}, {"model": "auth.permission", "pk": 50, "fields": {"name": "Can change tag", "content_type": 13, "codename": "change_tag"}}, {"model": "auth.permission", "pk": 51, "fields": {"name": "Can delete tag", "content_type": 13, "codename": "delete_tag"}}, {"model": "auth.permission", "pk": 52, "fields": {"name": "Can view tag", "content_type": 13, "codename": "view_tag"}}, {"model": "auth.permission", "pk": 53, "fields": {"name": "Can add Month", "content_type": 14, "codename": "add_month"}}, {"model": "auth.permission", "pk": 54, "fields": {"name": "Can change Month", "content_type": 14, "codename": "change_month"}}, {"model": "auth.permission", "pk": 55, "fields": {"name": "Can delete Month", "content_type": 14, "codename": "delete_month"}}, {"model": "auth.permission", "pk": 56, "fields": {"name": "Can view Month", "content_type": 14, "codename": "view_month"}}, {"model": "auth.permission", "pk": 57, "fields": {"name": "Can add UserAction", "content_type": 11, "codename": "add_useraction"}}, {"model": "auth.permission", "pk": 58, "fields": {"name": "Can change UserAction", "content_type": 11, "codename": "change_useraction"}}, {"model": "auth.permission", "pk": 59, "fields": {"name": "Can delete UserAction", "content_type": 11, "codename": "delete_useraction"}}, {"model": "auth.permission", "pk": 60, "fields": {"name": "Can view UserAction", "content_type": 11, "codename": "view_useraction"}}, {"model": "auth.permission", "pk": 61, "fields": {"name": "Can add condition", "content_type": 15, "codename": "add_condition"}}, {"model": "auth.permission", "pk": 62, "fields": {"name": "Can change condition", "content_type": 15, "codename": "change_condition"}}, {"model": "auth.permission", "pk": 63, "fields": {"name": "Can delete condition", "content_type": 15, "codename": "delete_condition"}}, {"model": "auth.permission", "pk": 64, "fields": {"name": "Can view condition", "content_type": 15, "codename": "view_condition"}}, {"model": "auth.permission", "pk": 65, "fields": {"name": "Can add Participant", "content_type": 16, "codename": "add_participant"}}, {"model": "auth.permission", "pk": 66, "fields": {"name": "Can change Participant", "content_type": 16, "codename": "change_participant"}}, {"model": "auth.permission", "pk": 67, "fields": {"name": "Can delete Participant", "content_type": 16, "codename": "delete_participant"}}, {"model": "auth.permission", "pk": 68, "fields": {"name": "Can view Participant", "content_type": 16, "codename": "view_participant"}}, {"model": "auth.permission", "pk": 69, "fields": {"name": "Can add dismiss notification count", "content_type": 17, "codename": "add_dismissnotificationcount"}}, {"model": "auth.permission", "pk": 70, "fields": {"name": "Can change dismiss notification count", "content_type": 17, "codename": "change_dismissnotificationcount"}}, {"model": "auth.permission", "pk": 71, "fields": {"name": "Can delete dismiss notification count", "content_type": 17, "codename": "delete_dismissnotificationcount"}}, {"model": "auth.permission", "pk": 72, "fields": {"name": "Can view dismiss notification count", "content_type": 17, "codename": "view_dismissnotificationcount"}}, {"model": "auth.permission", "pk": 73, "fields": {"name": "Can add Result", "content_type": 18, "codename": "add_result"}}, {"model": "auth.permission", "pk": 74, "fields": {"name": "Can change Result", "content_type": 18, "codename": "change_result"}}, {"model": "auth.permission", "pk": 75, "fields": {"name": "Can delete Result", "content_type": 18, "codename": "delete_result"}}, {"model": "auth.permission", "pk": 76, "fields": {"name": "Can view Result", "content_type": 18, "codename": "view_result"}}, {"model": "auth.permission", "pk": 77, "fields": {"name": "Can add questionnaire response", "content_type": 19, "codename": "add_questionnaireresponse"}}, {"model": "auth.permission", "pk": 78, "fields": {"name": "Can change questionnaire response", "content_type": 19, "codename": "change_questionnaireresponse"}}, {"model": "auth.permission", "pk": 79, "fields": {"name": "Can delete questionnaire response", "content_type": 19, "codename": "delete_questionnaireresponse"}}, {"model": "auth.permission", "pk": 80, "fields": {"name": "Can view questionnaire response", "content_type": 19, "codename": "view_questionnaireresponse"}}, {"model": "auth.user", "pk": 3, "fields": {"password": "pbkdf2_sha256$150000$S3XcHwXbiFWc$jQAvhkP0rgoEtLNj8lhTBjgWkZ/Yp/bY78BbjuKaf3k=", "last_login": null, "is_superuser": true, "username": "groundtruth", "first_name": "", "last_name": "", "email": "", "is_staff": true, "is_active": true, "date_joined": "2019-07-29T19:40:57.840Z", "groups": [], "user_permissions": []}}, {"model": "auth.user", "pk": 7, "fields": {"password": "pbkdf2_sha256$150000$oyT4qcryT1Kq$hLk2AgE0/iLuOd+p1PeMtqWJF0eEIC6Lbm6U7UCpSzE=", "last_login": "2019-07-31T17:03:59.614Z", "is_superuser": true, "username": "feder", "first_name": "", "last_name": "", "email": "federicomilana@msn.com", "is_staff": true, "is_active": true, "date_joined": "2019-07-29T23:03:51.040Z", "groups": [], "user_permissions": []}}, {"model": "chatbot.condition", "pk": 1, "fields": {"active": true}}, {"model": "chatbot.profile", "pk": 1, "fields": {"name": "Masami Nishimura", "gender": "Male"}}, {"model": "chatbot.profile", "pk": 2, "fields": {"name": "Florianne Paget", "gender": "Female"}}, {"model": "chatbot.profile", "pk": 3, "fields": {"name": "Benjamin Parker", "gender": "Male"}}, {"model": "chatbot.profile", "pk": 4, "fields": {"name": "Alois Reiter", "gender": "Male"}}, {"model": "chatbot.profile", "pk": 5, "fields": {"name": "Aricka Lewis", "gender": "Female"}}, {"model": "chatbot.profile", "pk": 6, "fields": {"name": "Kanya Bunnag", "gender": "Female"}}, {"model": "chatbot.profile", "pk": 7, "fields": {"name": "Ralph Axelsen", "gender": "Male"}}, {"model": "chatbot.profile", "pk": 8, "fields": {"name": "Paulinho Simoes", "gender": "Male"}}, {"model": "chatbot.profile", "pk": 9, "fields": {"name": "William Shore", "gender": "Male"}}, {"model": "chatbot.profile", "pk": 10, "fields": {"name": "Andrzej Kraviec", "gender": "Male"}}, {"model": "imagetagging.imagetask", "pk": 1, "fields": {"image": "imagetagging\\images\\0.jpg", "next_task": 2}}, {"model": "imagetagging.imagetask", "pk": 2, "fields": {"image": "imagetagging\\images\\1.jpg", "next_task": 3}}, {"model": "imagetagging.imagetask", "pk": 3, "fields": {"image": "imagetagging\\images\\2.jpg", "next_task": 4}}, {"model": "imagetagging.imagetask", "pk": 4, "fields": {"image": "imagetagging\\images\\3.jpg", "next_task": 5}}, {"model": "imagetagging.imagetask", "pk": 5, "fields": {"image": "imagetagging\\images\\4.jpg", "next_task": 6}}, {"model": "imagetagging.imagetask", "pk": 6, "fields": {"image": "imagetagging\\images\\5.jpg", "next_task": 7}}, {"model": "imagetagging.imagetask", "pk": 7, "fields": {"image": "imagetagging\\images\\6.jpg", "next_task": 8}}, {"model": "imagetagging.imagetask", "pk": 8, "fields": {"image": "imagetagging\\images\\7.jpg", "next_task": 9}}, {"model": "imagetagging.imagetask", "pk": 9, "fields": {"image": "imagetagging\\images\\8.jpg", "next_task": 10}}, {"model": "imagetagging.imagetask", "pk": 10, "fields": {"image": "imagetagging\\images\\9.jpg", "next_task": 11}}, {"model": "imagetagging.imagetask", "pk": 11, "fields": {"image": "imagetagging\\images\\10.jpg", "next_task": 12}}, {"model": "imagetagging.imagetask", "pk": 12, "fields": {"image": "imagetagging\\images\\11.jpg", "next_task": 13}}, {"model": "imagetagging.imagetask", "pk": 13, "fields": {"image": "imagetagging\\images\\12.jpg", "next_task": 14}}, {"model": "imagetagging.imagetask", "pk": 14, "fields": {"image": "imagetagging\\images\\13.jpg", "next_task": 15}}, {"model": "imagetagging.imagetask", "pk": 15, "fields": {"image": "imagetagging\\images\\14.jpg", "next_task": 16}}, {"model": "imagetagging.imagetask", "pk": 16, "fields": {"image": "imagetagging\\images\\15.jpg", "next_task": 17}}, {"model": "imagetagging.imagetask", "pk": 17, "fields": {"image": "imagetagging\\images\\16.jpg", "next_task": 18}}, {"model": "imagetagging.imagetask", "pk": 18, "fields": {"image": "imagetagging\\images\\17.jpg", "next_task": 19}}, {"model": "imagetagging.imagetask", "pk": 19, "fields": {"image": "imagetagging\\images\\18.jpg", "next_task": 20}}, {"model": "imagetagging.imagetask", "pk": 20, "fields": {"image": "imagetagging\\images\\19.jpg", "next_task": 21}}, {"model": "imagetagging.imagetask", "pk": 21, "fields": {"image": "imagetagging\\images\\20.jpg", "next_task": 22}}, {"model": "imagetagging.imagetask", "pk": 22, "fields": {"image": "imagetagging\\images\\21.jpg", "next_task": 23}}, {"model": "imagetagging.imagetask", "pk": 23, "fields": {"image": "imagetagging\\images\\22.jpg", "next_task": 24}}, {"model": "imagetagging.imagetask", "pk": 24, "fields": {"image": "imagetagging\\images\\23.jpg", "next_task": 25}}, {"model": "imagetagging.imagetask", "pk": 25, "fields": {"image": "imagetagging\\images\\24.jpg", "next_task": 26}}, {"model": "imagetagging.imagetask", "pk": 26, "fields": {"image": "imagetagging\\images\\25.jpg", "next_task": 27}}, {"model": "imagetagging.imagetask", "pk": 27, "fields": {"image": "imagetagging\\images\\26.jpg", "next_task": 28}}, {"model": "imagetagging.imagetask", "pk": 28, "fields": {"image": "imagetagging\\images\\27.jpg", "next_task": 29}}, {"model": "imagetagging.imagetask", "pk": 29, "fields": {"image": "imagetagging\\images\\28.jpg", "next_task": 30}}, {"model": "imagetagging.imagetask", "pk": 30, "fields": {"image": "imagetagging\\images\\29.jpg", "next_task": 31}}, {"model": "imagetagging.imagetask", "pk": 31, "fields": {"image": "imagetagging\\images\\30.jpg", "next_task": 32}}, {"model": "imagetagging.imagetask", "pk": 32, "fields": {"image": "imagetagging\\images\\31.jpg", "next_task": 33}}, {"model": "imagetagging.imagetask", "pk": 33, "fields": {"image": "imagetagging\\images\\32.jpg", "next_task": 34}}, {"model": "imagetagging.imagetask", "pk": 34, "fields": {"image": "imagetagging\\images\\33.jpg", "next_task": 35}}, {"model": "imagetagging.imagetask", "pk": 35, "fields": {"image": "imagetagging\\images\\34.jpg", "next_task": 36}}, {"model": "imagetagging.imagetask", "pk": 36, "fields": {"image": "imagetagging\\images\\35.jpg", "next_task": 37}}, {"model": "imagetagging.imagetask", "pk": 37, "fields": {"image": "imagetagging\\images\\36.jpg", "next_task": 38}}, {"model": "imagetagging.imagetask", "pk": 38, "fields": {"image": "imagetagging\\images\\37.jpg", "next_task": 39}}, {"model": "imagetagging.imagetask", "pk": 39, "fields": {"image": "imagetagging\\images\\38.jpg", "next_task": 40}}, {"model": "imagetagging.imagetask", "pk": 40, "fields": {"image": "imagetagging\\images\\39.jpg", "next_task": 41}}, {"model": "imagetagging.imagetask", "pk": 41, "fields": {"image": "imagetagging\\images\\40.jpg", "next_task": 42}}, {"model": "imagetagging.imagetask", "pk": 42, "fields": {"image": "imagetagging\\images\\41.jpg", "next_task": 43}}, {"model": "imagetagging.imagetask", "pk": 43, "fields": {"image": "imagetagging\\images\\42.jpg", "next_task": 44}}, {"model": "imagetagging.imagetask", "pk": 44, "fields": {"image": "imagetagging\\images\\43.jpg", "next_task": 45}}, {"model": "imagetagging.imagetask", "pk": 45, "fields": {"image": "imagetagging\\images\\44.jpg", "next_task": 46}}, {"model": "imagetagging.imagetask", "pk": 46, "fields": {"image": "imagetagging\\images\\45.jpg", "next_task": 47}}, {"model": "imagetagging.imagetask", "pk": 47, "fields": {"image": "imagetagging\\images\\46.jpg", "next_task": 48}}, {"model": "imagetagging.imagetask", "pk": 48, "fields": {"image": "imagetagging\\images\\47.jpg", "next_task": 49}}, {"model": "imagetagging.imagetask", "pk": 49, "fields": {"image": "imagetagging\\images\\48.jpg", "next_task": 50}}, {"model": "imagetagging.imagetask", "pk": 50, "fields": {"image": "imagetagging\\images\\49.jpg", "next_task": 51}}, {"model": "imagetagging.imagetask", "pk": 51, "fields": {"image": "imagetagging\\images\\50.jpg", "next_task": 52}}, {"model": "imagetagging.imagetask", "pk": 52, "fields": {"image": "imagetagging\\images\\51.jpg", "next_task": 53}}, {"model": "imagetagging.imagetask", "pk": 53, "fields": {"image": "imagetagging\\images\\52.jpg", "next_task": 54}}, {"model": "imagetagging.imagetask", "pk": 54, "fields": {"image": "imagetagging\\images\\53.jpg", "next_task": 55}}, {"model": "imagetagging.imagetask", "pk": 55, "fields": {"image": "imagetagging\\images\\54.jpg", "next_task": 56}}, {"model": "imagetagging.imagetask", "pk": 56, "fields": {"image": "imagetagging\\images\\55.jpg", "next_task": 57}}, {"model": "imagetagging.imagetask", "pk": 57, "fields": {"image": "imagetagging\\images\\56.jpg", "next_task": 58}}, {"model": "imagetagging.imagetask", "pk": 58, "fields": {"image": "imagetagging\\images\\57.jpg", "next_task": 59}}, {"model": "imagetagging.imagetask", "pk": 59, "fields": {"image": "imagetagging\\images\\58.jpg", "next_task": 60}}, {"model": "imagetagging.imagetask", "pk": 60, "fields": {"image": "imagetagging\\images\\59.jpg", "next_task": 1}}, {"model": "imagetagging.tag", "pk": 1, "fields": {"image_task": 1, "user": 3, "label": "london", "correct": false}}, {"model": "imagetagging.tag", "pk": 2, "fields": {"image_task": 1, "user": 3, "label": "bridge", "correct": false}}, {"model": "imagetagging.tag", "pk": 3, "fields": {"image_task": 1, "user": 3, "label": "river", "correct": false}}, {"model": "imagetagging.tag", "pk": 4, "fields": {"image_task": 1, "user": 3, "label": "night", "correct": false}}, {"model": "imagetagging.tag", "pk": 5, "fields": {"image_task": 1, "user": 3, "label": "skyline", "correct": false}}, {"model": "imagetagging.tag", "pk": 6, "fields": {"image_task": 1, "user": 3, "label": "purple", "correct": false}}, {"model": "imagetagging.tag", "pk": 7, "fields": {"image_task": 2, "user": 3, "label": "sunset", "correct": false}}, {"model": "imagetagging.tag", "pk": 8, "fields": {"image_task": 2, "user": 3, "label": "tree", "correct": false}}, {"model": "imagetagging.tag", "pk": 9, "fields": {"image_task": 2, "user": 3, "label": "field", "correct": false}}, {"model": "imagetagging.tag", "pk": 10, "fields": {"image_task": 2, "user": 3, "label": "mountain", "correct": false}}, {"model": "imagetagging.tag", "pk": 11, "fields": {"image_task": 2, "user": 3, "label": "landscape", "correct": false}}, {"model": "imagetagging.tag", "pk": 12, "fields": {"image_task": 2, "user": 3, "label": "house", "correct": false}}, {"model": "imagetagging.tag", "pk": 13, "fields": {"image_task": 3, "user": 3, "label": "beach", "correct": false}}, {"model": "imagetagging.tag", "pk": 14, "fields": {"image_task": 3, "user": 3, "label": "sea", "correct": false}}, {"model": "imagetagging.tag", "pk": 15, "fields": {"image_task": 3, "user": 3, "label": "coast", "correct": false}}, {"model": "imagetagging.tag", "pk": 16, "fields": {"image_task": 3, "user": 3, "label": "water", "correct": false}}, {"model": "imagetagging.tag", "pk": 17, "fields": {"image_task": 3, "user": 3, "label": "ocean", "correct": false}}, {"model": "imagetagging.tag", "pk": 18, "fields": {"image_task": 3, "user": 3, "label": "sand", "correct": false}}, {"model": "imagetagging.tag", "pk": 19, "fields": {"image_task": 4, "user": 3, "label": "water", "correct": false}}, {"model": "imagetagging.tag", "pk": 20, "fields": {"image_task": 4, "user": 3, "label": "bird", "correct": false}}, {"model": "imagetagging.tag", "pk": 21, "fields": {"image_task": 4, "user": 3, "label": "fish", "correct": false}}, {"model": "imagetagging.tag", "pk": 22, "fields": {"image_task": 4, "user": 3, "label": "flying", "correct": false}}, {"model": "imagetagging.tag", "pk": 23, "fields": {"image_task": 4, "user": 3, "label": "eagle", "correct": false}}, {"model": "imagetagging.tag", "pk": 24, "fields": {"image_task": 4, "user": 3, "label": "blue", "correct": false}}, {"model": "imagetagging.tag", "pk": 25, "fields": {"image_task": 5, "user": 3, "label": "clouds", "correct": false}}, {"model": "imagetagging.tag", "pk": 26, "fields": {"image_task": 5, "user": 3, "label": "sky", "correct": false}}, {"model": "imagetagging.tag", "pk": 27, "fields": {"image_task": 5, "user": 3, "label": "river", "correct": false}}, {"model": "imagetagging.tag", "pk": 28, "fields": {"image_task": 5, "user": 3, "label": "outdoor", "correct": false}}, {"model": "imagetagging.tag", "pk": 29, "fields": {"image_task": 5, "user": 3, "label": "water", "correct": false}}, {"model": "imagetagging.tag", "pk": 30, "fields": {"image_task": 5, "user": 3, "label": "swan", "correct": false}}, {"model": "imagetagging.tag", "pk": 31, "fields": {"image_task": 6, "user": 3, "label": "flower", "correct": false}}, {"model": "imagetagging.tag", "pk": 32, "fields": {"image_task": 6, "user": 3, "label": "bee", "correct": false}}, {"model": "imagetagging.tag", "pk": 33, "fields": {"image_task": 6, "user": 3, "label": "summer", "correct": false}}, {"model": "imagetagging.tag", "pk": 34, "fields": {"image_task": 6, "user": 3, "label": "yellow", "correct": false}}, {"model": "imagetagging.tag", "pk": 35, "fields": {"image_task": 6, "user": 3, "label": "insect", "correct": false}}, {"model": "imagetagging.tag", "pk": 36, "fields": {"image_task": 6, "user": 3, "label": "garden", "correct": false}}, {"model": "imagetagging.tag", "pk": 37, "fields": {"image_task": 7, "user": 3, "label": "river", "correct": false}}, {"model": "imagetagging.tag", "pk": 38, "fields": {"image_task": 7, "user": 3, "label": "bridge", "correct": false}}, {"model": "imagetagging.tag", "pk": 39, "fields": {"image_task": 7, "user": 3, "label": "night", "correct": false}}, {"model": "imagetagging.tag", "pk": 40, "fields": {"image_task": 7, "user": 3, "label": "water", "correct": false}}, {"model": "imagetagging.tag", "pk": 41, "fields": {"image_task": 7, "user": 3, "label": "reflections", "correct": false}}, {"model": "imagetagging.tag", "pk": 42, "fields": {"image_task": 7, "user": 3, "label": "city", "correct": false}}, {"model": "imagetagging.tag", "pk": 43, "fields": {"image_task": 8, "user": 3, "label": "trees", "correct": false}}, {"model": "imagetagging.tag", "pk": 44, "fields": {"image_task": 8, "user": 3, "label": "fog", "correct": false}}, {"model": "imagetagging.tag", "pk": 45, "fields": {"image_task": 8, "user": 3, "label": "forest", "correct": false}}, {"model": "imagetagging.tag", "pk": 46, "fields": {"image_task": 8, "user": 3, "label": "leaf", "correct": false}}, {"model": "imagetagging.tag", "pk": 47, "fields": {"image_task": 8, "user": 3, "label": "autumn", "correct": false}}, {"model": "imagetagging.tag", "pk": 48, "fields": {"image_task": 8, "user": 3, "label": "yellow", "correct": false}}, {"model": "imagetagging.tag", "pk": 49, "fields": {"image_task": 9, "user": 3, "label": "portrait", "correct": false}}, {"model": "imagetagging.tag", "pk": 50, "fields": {"image_task": 9, "user": 3, "label": "beard", "correct": false}}, {"model": "imagetagging.tag", "pk": 51, "fields": {"image_task": 9, "user": 3, "label": "man", "correct": false}}, {"model": "imagetagging.tag", "pk": 52, "fields": {"image_task": 9, "user": 3, "label": "smile", "correct": false}}, {"model": "imagetagging.tag", "pk": 53, "fields": {"image_task": 9, "user": 3, "label": "old", "correct": false}}, {"model": "imagetagging.tag", "pk": 54, "fields": {"image_task": 9, "user": 3, "label": "jacket", "correct": false}}, {"model": "imagetagging.tag", "pk": 55, "fields": {"image_task": 10, "user": 3, "label": "snow", "correct": false}}, {"model": "imagetagging.tag", "pk": 56, "fields": {"image_task": 10, "user": 3, "label": "sun", "correct": false}}, {"model": "imagetagging.tag", "pk": 57, "fields": {"image_task": 10, "user": 3, "label": "forest", "correct": false}}, {"model": "imagetagging.tag", "pk": 58, "fields": {"image_task": 10, "user": 3, "label": "path", "correct": false}}, {"model": "imagetagging.tag", "pk": 59, "fields": {"image_task": 10, "user": 3, "label": "white", "correct": false}}, {"model": "imagetagging.tag", "pk": 60, "fields": {"image_task": 10, "user": 3, "label": "cold", "correct": false}}, {"model": "imagetagging.tag", "pk": 61, "fields": {"image_task": 11, "user": 3, "label": "dog", "correct": false}}, {"model": "imagetagging.tag", "pk": 62, "fields": {"image_task": 11, "user": 3, "label": "wet", "correct": false}}, {"model": "imagetagging.tag", "pk": 63, "fields": {"image_task": 11, "user": 3, "label": "outdoor", "correct": false}}, {"model": "imagetagging.tag", "pk": 64, "fields": {"image_task": 11, "user": 3, "label": "rain", "correct": false}}, {"model": "imagetagging.tag", "pk": 65, "fields": {"image_task": 11, "user": 3, "label": "walking", "correct": false}}, {"model": "imagetagging.tag", "pk": 66, "fields": {"image_task": 11, "user": 3, "label": "dirty", "correct": false}}, {"model": "imagetagging.tag", "pk": 67, "fields": {"image_task": 12, "user": 3, "label": "airplane", "correct": false}}, {"model": "imagetagging.tag", "pk": 68, "fields": {"image_task": 12, "user": 3, "label": "sun", "correct": false}}, {"model": "imagetagging.tag", "pk": 69, "fields": {"image_task": 12, "user": 3, "label": "sky", "correct": false}}, {"model": "imagetagging.tag", "pk": 70, "fields": {"image_task": 12, "user": 3, "label": "cloud", "correct": false}}, {"model": "imagetagging.tag", "pk": 71, "fields": {"image_task": 12, "user": 3, "label": "birght", "correct": false}}, {"model": "imagetagging.tag", "pk": 72, "fields": {"image_task": 12, "user": 3, "label": "wing", "correct": false}}, {"model": "imagetagging.tag", "pk": 73, "fields": {"image_task": 13, "user": 3, "label": "cat", "correct": false}}, {"model": "imagetagging.tag", "pk": 74, "fields": {"image_task": 13, "user": 3, "label": "sleeping", "correct": false}}, {"model": "imagetagging.tag", "pk": 75, "fields": {"image_task": 13, "user": 3, "label": "fur", "correct": false}}, {"model": "imagetagging.tag", "pk": 76, "fields": {"image_task": 13, "user": 3, "label": "cute", "correct": false}}, {"model": "imagetagging.tag", "pk": 77, "fields": {"image_task": 13, "user": 3, "label": "sunshine", "correct": false}}, {"model": "imagetagging.tag", "pk": 78, "fields": {"image_task": 13, "user": 3, "label": "paws", "correct": false}}, {"model": "imagetagging.tag", "pk": 79, "fields": {"image_task": 14, "user": 3, "label": "street", "correct": false}}, {"model": "imagetagging.tag", "pk": 80, "fields": {"image_task": 14, "user": 3, "label": "night", "correct": false}}, {"model": "imagetagging.tag", "pk": 81, "fields": {"image_task": 14, "user": 3, "label": "house", "correct": false}}, {"model": "imagetagging.tag", "pk": 82, "fields": {"image_task": 14, "user": 3, "label": "boat", "correct": false}}, {"model": "imagetagging.tag", "pk": 83, "fields": {"image_task": 14, "user": 3, "label": "cliff", "correct": false}}, {"model": "imagetagging.tag", "pk": 84, "fields": {"image_task": 14, "user": 3, "label": "mountain", "correct": false}}, {"model": "imagetagging.tag", "pk": 85, "fields": {"image_task": 15, "user": 3, "label": "city", "correct": false}}, {"model": "imagetagging.tag", "pk": 86, "fields": {"image_task": 15, "user": 3, "label": "night", "correct": false}}, {"model": "imagetagging.tag", "pk": 87, "fields": {"image_task": 15, "user": 3, "label": "sky", "correct": false}}, {"model": "imagetagging.tag", "pk": 88, "fields": {"image_task": 15, "user": 3, "label": "thunder", "correct": false}}, {"model": "imagetagging.tag", "pk": 89, "fields": {"image_task": 15, "user": 3, "label": "storm", "correct": false}}, {"model": "imagetagging.tag", "pk": 90, "fields": {"image_task": 15, "user": 3, "label": "skyline", "correct": false}}, {"model": "imagetagging.tag", "pk": 91, "fields": {"image_task": 16, "user": 3, "label": "bridge", "correct": false}}, {"model": "imagetagging.tag", "pk": 92, "fields": {"image_task": 16, "user": 3, "label": "river", "correct": false}}, {"model": "imagetagging.tag", "pk": 93, "fields": {"image_task": 16, "user": 3, "label": "reflection", "correct": false}}, {"model": "imagetagging.tag", "pk": 94, "fields": {"image_task": 16, "user": 3, "label": "water", "correct": false}}, {"model": "imagetagging.tag", "pk": 95, "fields": {"image_task": 16, "user": 3, "label": "nature", "correct": false}}, {"model": "imagetagging.tag", "pk": 96, "fields": {"image_task": 16, "user": 3, "label": "tree", "correct": false}}, {"model": "imagetagging.tag", "pk": 97, "fields": {"image_task": 17, "user": 3, "label": "bird", "correct": false}}, {"model": "imagetagging.tag", "pk": 98, "fields": {"image_task": 17, "user": 3, "label": "tree", "correct": false}}, {"model": "imagetagging.tag", "pk": 99, "fields": {"image_task": 17, "user": 3, "label": "nature", "correct": false}}, {"model": "imagetagging.tag", "pk": 100, "fields": {"image_task": 17, "user": 3, "label": "red", "correct": false}}, {"model": "imagetagging.tag", "pk": 101, "fields": {"image_task": 17, "user": 3, "label": "summer", "correct": false}}, {"model": "imagetagging.tag", "pk": 102, "fields": {"image_task": 17, "user": 3, "label": "branch", "correct": false}}, {"model": "imagetagging.tag", "pk": 103, "fields": {"image_task": 18, "user": 3, "label": "castle", "correct": false}}, {"model": "imagetagging.tag", "pk": 104, "fields": {"image_task": 18, "user": 3, "label": "river", "correct": false}}, {"model": "imagetagging.tag", "pk": 105, "fields": {"image_task": 18, "user": 3, "label": "sky", "correct": false}}, {"model": "imagetagging.tag", "pk": 106, "fields": {"image_task": 18, "user": 3, "label": "cold", "correct": false}}, {"model": "imagetagging.tag", "pk": 107, "fields": {"image_task": 18, "user": 3, "label": "grey", "correct": false}}, {"model": "imagetagging.tag", "pk": 108, "fields": {"image_task": 18, "user": 3, "label": "old", "correct": false}}, {"model": "imagetagging.tag", "pk": 109, "fields": {"image_task": 19, "user": 3, "label": "moon", "correct": false}}, {"model": "imagetagging.tag", "pk": 110, "fields": {"image_task": 19, "user": 3, "label": "space", "correct": false}}, {"model": "imagetagging.tag", "pk": 111, "fields": {"image_task": 19, "user": 3, "label": "black", "correct": false}}, {"model": "imagetagging.tag", "pk": 112, "fields": {"image_task": 19, "user": 3, "label": "dark", "correct": false}}, {"model": "imagetagging.tag", "pk": 113, "fields": {"image_task": 19, "user": 3, "label": "crater", "correct": false}}, {"model": "imagetagging.tag", "pk": 114, "fields": {"image_task": 19, "user": 3, "label": "grey", "correct": false}}, {"model": "imagetagging.tag", "pk": 115, "fields": {"image_task": 20, "user": 3, "label": "garden", "correct": false}}, {"model": "imagetagging.tag", "pk": 116, "fields": {"image_task": 20, "user": 3, "label": "sun", "correct": false}}, {"model": "imagetagging.tag", "pk": 117, "fields": {"image_task": 20, "user": 3, "label": "path", "correct": false}}, {"model": "imagetagging.tag", "pk": 118, "fields": {"image_task": 20, "user": 3, "label": "house", "correct": false}}, {"model": "imagetagging.tag", "pk": 119, "fields": {"image_task": 20, "user": 3, "label": "stairs", "correct": false}}, {"model": "imagetagging.tag", "pk": 120, "fields": {"image_task": 20, "user": 3, "label": "boat", "correct": false}}, {"model": "imagetagging.tag", "pk": 121, "fields": {"image_task": 21, "user": 3, "label": "glass", "correct": false}}, {"model": "imagetagging.tag", "pk": 122, "fields": {"image_task": 21, "user": 3, "label": "bottle", "correct": false}}, {"model": "imagetagging.tag", "pk": 123, "fields": {"image_task": 21, "user": 3, "label": "blue", "correct": false}}, {"model": "imagetagging.tag", "pk": 124, "fields": {"image_task": 21, "user": 3, "label": "window", "correct": false}}, {"model": "imagetagging.tag", "pk": 125, "fields": {"image_task": 21, "user": 3, "label": "stone", "correct": false}}, {"model": "imagetagging.tag", "pk": 126, "fields": {"image_task": 21, "user": 3, "label": "old", "correct": false}}, {"model": "imagetagging.tag", "pk": 127, "fields": {"image_task": 22, "user": 3, "label": "city", "correct": false}}, {"model": "imagetagging.tag", "pk": 128, "fields": {"image_task": 22, "user": 3, "label": "rainbow", "correct": false}}, {"model": "imagetagging.tag", "pk": 129, "fields": {"image_task": 22, "user": 3, "label": "sky", "correct": false}}, {"model": "imagetagging.tag", "pk": 130, "fields": {"image_task": 22, "user": 3, "label": "storm", "correct": false}}, {"model": "imagetagging.tag", "pk": 131, "fields": {"image_task": 22, "user": 3, "label": "house", "correct": false}}, {"model": "imagetagging.tag", "pk": 132, "fields": {"image_task": 22, "user": 3, "label": "skyscraper", "correct": false}}, {"model": "imagetagging.tag", "pk": 133, "fields": {"image_task": 23, "user": 3, "label": "fog", "correct": false}}, {"model": "imagetagging.tag", "pk": 134, "fields": {"image_task": 23, "user": 3, "label": "tree", "correct": false}}, {"model": "imagetagging.tag", "pk": 135, "fields": {"image_task": 23, "user": 3, "label": "sunset", "correct": false}}, {"model": "imagetagging.tag", "pk": 136, "fields": {"image_task": 23, "user": 3, "label": "forest", "correct": false}}, {"model": "imagetagging.tag", "pk": 137, "fields": {"image_task": 23, "user": 3, "label": "mist", "correct": false}}, {"model": "imagetagging.tag", "pk": 138, "fields": {"image_task": 23, "user": 3, "label": "landscape", "correct": false}}, {"model": "imagetagging.tag", "pk": 139, "fields": {"image_task": 24, "user": 3, "label": "lego", "correct": false}}, {"model": "imagetagging.tag", "pk": 140, "fields": {"image_task": 24, "user": 3, "label": "car", "correct": false}}, {"model": "imagetagging.tag", "pk": 141, "fields": {"image_task": 24, "user": 3, "label": "mini", "correct": false}}, {"model": "imagetagging.tag", "pk": 142, "fields": {"image_task": 24, "user": 3, "label": "table", "correct": false}}, {"model": "imagetagging.tag", "pk": 143, "fields": {"image_task": 24, "user": 3, "label": "cute", "correct": false}}, {"model": "imagetagging.tag", "pk": 144, "fields": {"image_task": 24, "user": 3, "label": "toy", "correct": false}}, {"model": "imagetagging.tag", "pk": 145, "fields": {"image_task": 25, "user": 3, "label": "fire", "correct": false}}, {"model": "imagetagging.tag", "pk": 146, "fields": {"image_task": 25, "user": 3, "label": "cooking", "correct": false}}, {"model": "imagetagging.tag", "pk": 147, "fields": {"image_task": 25, "user": 3, "label": "meat", "correct": false}}, {"model": "imagetagging.tag", "pk": 148, "fields": {"image_task": 25, "user": 3, "label": "bbq", "correct": false}}, {"model": "imagetagging.tag", "pk": 149, "fields": {"image_task": 25, "user": 3, "label": "sausage", "correct": false}}, {"model": "imagetagging.tag", "pk": 150, "fields": {"image_task": 25, "user": 3, "label": "hot", "correct": false}}, {"model": "imagetagging.tag", "pk": 151, "fields": {"image_task": 26, "user": 3, "label": "flag", "correct": false}}, {"model": "imagetagging.tag", "pk": 152, "fields": {"image_task": 26, "user": 3, "label": "america", "correct": false}}, {"model": "imagetagging.tag", "pk": 153, "fields": {"image_task": 26, "user": 3, "label": "sky", "correct": false}}, {"model": "imagetagging.tag", "pk": 154, "fields": {"image_task": 26, "user": 3, "label": "freedom", "correct": false}}, {"model": "imagetagging.tag", "pk": 155, "fields": {"image_task": 26, "user": 3, "label": "clouds", "correct": false}}, {"model": "imagetagging.tag", "pk": 156, "fields": {"image_task": 27, "user": 3, "label": "smile", "correct": false}}, {"model": "imagetagging.tag", "pk": 157, "fields": {"image_task": 27, "user": 3, "label": "flower", "correct": false}}, {"model": "imagetagging.tag", "pk": 158, "fields": {"image_task": 27, "user": 3, "label": "yellow", "correct": false}}, {"model": "imagetagging.tag", "pk": 159, "fields": {"image_task": 27, "user": 3, "label": "woman", "correct": false}}, {"model": "imagetagging.tag", "pk": 160, "fields": {"image_task": 27, "user": 3, "label": "teeth", "correct": false}}, {"model": "imagetagging.tag", "pk": 161, "fields": {"image_task": 27, "user": 3, "label": "crown", "correct": false}}, {"model": "imagetagging.tag", "pk": 162, "fields": {"image_task": 28, "user": 3, "label": "festival", "correct": false}}, {"model": "imagetagging.tag", "pk": 163, "fields": {"image_task": 28, "user": 3, "label": "singing", "correct": false}}, {"model": "imagetagging.tag", "pk": 164, "fields": {"image_task": 28, "user": 3, "label": "concert", "correct": false}}, {"model": "imagetagging.tag", "pk": 165, "fields": {"image_task": 28, "user": 3, "label": "woman", "correct": false}}, {"model": "imagetagging.tag", "pk": 166, "fields": {"image_task": 28, "user": 3, "label": "microphone", "correct": false}}, {"model": "imagetagging.tag", "pk": 167, "fields": {"image_task": 28, "user": 3, "label": "music", "correct": false}}, {"model": "imagetagging.tag", "pk": 168, "fields": {"image_task": 29, "user": 3, "label": "stone", "correct": false}}, {"model": "imagetagging.tag", "pk": 169, "fields": {"image_task": 29, "user": 3, "label": "nature", "correct": false}}, {"model": "imagetagging.tag", "pk": 170, "fields": {"image_task": 29, "user": 3, "label": "water", "correct": false}}, {"model": "imagetagging.tag", "pk": 171, "fields": {"image_task": 29, "user": 3, "label": "tower", "correct": false}}, {"model": "imagetagging.tag", "pk": 172, "fields": {"image_task": 29, "user": 3, "label": "beach", "correct": false}}, {"model": "imagetagging.tag", "pk": 173, "fields": {"image_task": 29, "user": 3, "label": "ocean", "correct": false}}, {"model": "imagetagging.tag", "pk": 174, "fields": {"image_task": 30, "user": 3, "label": "paris", "correct": false}}, {"model": "imagetagging.tag", "pk": 175, "fields": {"image_task": 30, "user": 3, "label": "tower", "correct": false}}, {"model": "imagetagging.tag", "pk": 176, "fields": {"image_task": 30, "user": 3, "label": "sunset", "correct": false}}, {"model": "imagetagging.tag", "pk": 177, "fields": {"image_task": 30, "user": 3, "label": "france", "correct": false}}, {"model": "imagetagging.tag", "pk": 178, "fields": {"image_task": 30, "user": 3, "label": "sky", "correct": false}}, {"model": "imagetagging.tag", "pk": 179, "fields": {"image_task": 30, "user": 3, "label": "cloud", "correct": false}}, {"model": "imagetagging.tag", "pk": 180, "fields": {"image_task": 31, "user": 3, "label": "fish", "correct": false}}, {"model": "imagetagging.tag", "pk": 181, "fields": {"image_task": 31, "user": 3, "label": "water", "correct": false}}, {"model": "imagetagging.tag", "pk": 182, "fields": {"image_task": 31, "user": 3, "label": "swarm", "correct": false}}, {"model": "imagetagging.tag", "pk": 183, "fields": {"image_task": 31, "user": 3, "label": "blue", "correct": false}}, {"model": "imagetagging.tag", "pk": 184, "fields": {"image_task": 31, "user": 3, "label": "ocean", "correct": false}}, {"model": "imagetagging.tag", "pk": 185, "fields": {"image_task": 31, "user": 3, "label": "swimming", "correct": false}}, {"model": "imagetagging.tag", "pk": 186, "fields": {"image_task": 32, "user": 3, "label": "duck", "correct": false}}, {"model": "imagetagging.tag", "pk": 187, "fields": {"image_task": 32, "user": 3, "label": "water", "correct": false}}, {"model": "imagetagging.tag", "pk": 188, "fields": {"image_task": 32, "user": 3, "label": "nature", "correct": false}}, {"model": "imagetagging.tag", "pk": 189, "fields": {"image_task": 32, "user": 3, "label": "cute", "correct": false}}, {"model": "imagetagging.tag", "pk": 190, "fields": {"image_task": 32, "user": 3, "label": "animal", "correct": false}}, {"model": "imagetagging.tag", "pk": 191, "fields": {"image_task": 32, "user": 3, "label": "grass", "correct": false}}, {"model": "imagetagging.tag", "pk": 192, "fields": {"image_task": 33, "user": 3, "label": "park", "correct": false}}, {"model": "imagetagging.tag", "pk": 193, "fields": {"image_task": 33, "user": 3, "label": "green", "correct": false}}, {"model": "imagetagging.tag", "pk": 194, "fields": {"image_task": 33, "user": 3, "label": "water", "correct": false}}, {"model": "imagetagging.tag", "pk": 195, "fields": {"image_task": 33, "user": 3, "label": "trees", "correct": false}}, {"model": "imagetagging.tag", "pk": 196, "fields": {"image_task": 33, "user": 3, "label": "bench", "correct": false}}, {"model": "imagetagging.tag", "pk": 197, "fields": {"image_task": 33, "user": 3, "label": "river", "correct": false}}, {"model": "imagetagging.tag", "pk": 198, "fields": {"image_task": 34, "user": 3, "label": "bicycle", "correct": false}}, {"model": "imagetagging.tag", "pk": 199, "fields": {"image_task": 34, "user": 3, "label": "bikes", "correct": false}}, {"model": "imagetagging.tag", "pk": 200, "fields": {"image_task": 34, "user": 3, "label": "snow", "correct": false}}, {"model": "imagetagging.tag", "pk": 201, "fields": {"image_task": 34, "user": 3, "label": "storm", "correct": false}}, {"model": "imagetagging.tag", "pk": 202, "fields": {"image_task": 34, "user": 3, "label": "street", "correct": false}}, {"model": "imagetagging.tag", "pk": 203, "fields": {"image_task": 34, "user": 3, "label": "winter", "correct": false}}, {"model": "imagetagging.tag", "pk": 204, "fields": {"image_task": 35, "user": 3, "label": "flowers", "correct": false}}, {"model": "imagetagging.tag", "pk": 205, "fields": {"image_task": 35, "user": 3, "label": "colourful", "correct": false}}, {"model": "imagetagging.tag", "pk": 206, "fields": {"image_task": 35, "user": 3, "label": "garden", "correct": false}}, {"model": "imagetagging.tag", "pk": 207, "fields": {"image_task": 35, "user": 3, "label": "leaves", "correct": false}}, {"model": "imagetagging.tag", "pk": 208, "fields": {"image_task": 35, "user": 3, "label": "summer", "correct": false}}, {"model": "imagetagging.tag", "pk": 209, "fields": {"image_task": 35, "user": 3, "label": "nature", "correct": false}}, {"model": "imagetagging.tag", "pk": 210, "fields": {"image_task": 36, "user": 3, "label": "old", "correct": false}}, {"model": "imagetagging.tag", "pk": 211, "fields": {"image_task": 36, "user": 3, "label": "house", "correct": false}}, {"model": "imagetagging.tag", "pk": 212, "fields": {"image_task": 36, "user": 3, "label": "mansion", "correct": false}}, {"model": "imagetagging.tag", "pk": 213, "fields": {"image_task": 36, "user": 3, "label": "sky", "correct": false}}, {"model": "imagetagging.tag", "pk": 214, "fields": {"image_task": 36, "user": 3, "label": "garden", "correct": false}}, {"model": "imagetagging.tag", "pk": 215, "fields": {"image_task": 36, "user": 3, "label": "stairs", "correct": false}}, {"model": "imagetagging.tag", "pk": 216, "fields": {"image_task": 37, "user": 3, "label": "violine", "correct": false}}, {"model": "imagetagging.tag", "pk": 217, "fields": {"image_task": 37, "user": 3, "label": "music", "correct": false}}, {"model": "imagetagging.tag", "pk": 218, "fields": {"image_task": 37, "user": 3, "label": "woman", "correct": false}}, {"model": "imagetagging.tag", "pk": 219, "fields": {"image_task": 37, "user": 3, "label": "instrument", "correct": false}}, {"model": "imagetagging.tag", "pk": 220, "fields": {"image_task": 37, "user": 3, "label": "park", "correct": false}}, {"model": "imagetagging.tag", "pk": 221, "fields": {"image_task": 37, "user": 3, "label": "dress", "correct": false}}, {"model": "imagetagging.tag", "pk": 222, "fields": {"image_task": 38, "user": 3, "label": "cupcakes", "correct": false}}, {"model": "imagetagging.tag", "pk": 223, "fields": {"image_task": 38, "user": 3, "label": "sweet", "correct": false}}, {"model": "imagetagging.tag", "pk": 224, "fields": {"image_task": 38, "user": 3, "label": "dessert", "correct": false}}, {"model": "imagetagging.tag", "pk": 225, "fields": {"image_task": 38, "user": 3, "label": "chocolate", "correct": false}}, {"model": "imagetagging.tag", "pk": 226, "fields": {"image_task": 38, "user": 3, "label": "cute", "correct": false}}, {"model": "imagetagging.tag", "pk": 227, "fields": {"image_task": 38, "user": 3, "label": "food", "correct": false}}, {"model": "imagetagging.tag", "pk": 228, "fields": {"image_task": 39, "user": 3, "label": "turtle", "correct": false}}, {"model": "imagetagging.tag", "pk": 229, "fields": {"image_task": 39, "user": 3, "label": "animal", "correct": false}}, {"model": "imagetagging.tag", "pk": 230, "fields": {"image_task": 39, "user": 3, "label": "water", "correct": false}}, {"model": "imagetagging.tag", "pk": 231, "fields": {"image_task": 39, "user": 3, "label": "ocean", "correct": false}}, {"model": "imagetagging.tag", "pk": 232, "fields": {"image_task": 39, "user": 3, "label": "blue", "correct": false}}, {"model": "imagetagging.tag", "pk": 233, "fields": {"image_task": 39, "user": 3, "label": "sea", "correct": false}}, {"model": "imagetagging.tag", "pk": 234, "fields": {"image_task": 40, "user": 3, "label": "graffiti", "correct": false}}, {"model": "imagetagging.tag", "pk": 235, "fields": {"image_task": 40, "user": 3, "label": "wall", "correct": false}}, {"model": "imagetagging.tag", "pk": 236, "fields": {"image_task": 40, "user": 3, "label": "colourful", "correct": false}}, {"model": "imagetagging.tag", "pk": 237, "fields": {"image_task": 40, "user": 3, "label": "art", "correct": false}}, {"model": "imagetagging.tag", "pk": 238, "fields": {"image_task": 40, "user": 3, "label": "window", "correct": false}}, {"model": "imagetagging.tag", "pk": 239, "fields": {"image_task": 40, "user": 3, "label": "outdoor", "correct": false}}, {"model": "imagetagging.tag", "pk": 240, "fields": {"image_task": 41, "user": 3, "label": "laptop", "correct": false}}, {"model": "imagetagging.tag", "pk": 241, "fields": {"image_task": 41, "user": 3, "label": "desk", "correct": false}}, {"model": "imagetagging.tag", "pk": 242, "fields": {"image_task": 41, "user": 3, "label": "telephone", "correct": false}}, {"model": "imagetagging.tag", "pk": 243, "fields": {"image_task": 41, "user": 3, "label": "indoor", "correct": false}}, {"model": "imagetagging.tag", "pk": 244, "fields": {"image_task": 41, "user": 3, "label": "room", "correct": false}}, {"model": "imagetagging.tag", "pk": 245, "fields": {"image_task": 41, "user": 3, "label": "electronics", "correct": false}}, {"model": "imagetagging.tag", "pk": 246, "fields": {"image_task": 42, "user": 3, "label": "staris", "correct": false}}, {"model": "imagetagging.tag", "pk": 247, "fields": {"image_task": 42, "user": 3, "label": "wood", "correct": false}}, {"model": "imagetagging.tag", "pk": 248, "fields": {"image_task": 42, "user": 3, "label": "outdoor", "correct": false}}, {"model": "imagetagging.tag", "pk": 249, "fields": {"image_task": 42, "user": 3, "label": "forest", "correct": false}}, {"model": "imagetagging.tag", "pk": 250, "fields": {"image_task": 42, "user": 3, "label": "beam", "correct": false}}, {"model": "imagetagging.tag", "pk": 251, "fields": {"image_task": 42, "user": 3, "label": "nature", "correct": false}}, {"model": "imagetagging.tag", "pk": 252, "fields": {"image_task": 43, "user": 3, "label": "street", "correct": false}}, {"model": "imagetagging.tag", "pk": 253, "fields": {"image_task": 43, "user": 3, "label": "night", "correct": false}}, {"model": "imagetagging.tag", "pk": 254, "fields": {"image_task": 43, "user": 3, "label": "wet", "correct": false}}, {"model": "imagetagging.tag", "pk": 255, "fields": {"image_task": 43, "user": 3, "label": "rain", "correct": false}}, {"model": "imagetagging.tag", "pk": 256, "fields": {"image_task": 43, "user": 3, "label": "lights", "correct": false}}, {"model": "imagetagging.tag", "pk": 257, "fields": {"image_task": 43, "user": 3, "label": "reflections", "correct": false}}, {"model": "imagetagging.tag", "pk": 258, "fields": {"image_task": 44, "user": 3, "label": "mountains", "correct": false}}, {"model": "imagetagging.tag", "pk": 259, "fields": {"image_task": 44, "user": 3, "label": "street", "correct": false}}, {"model": "imagetagging.tag", "pk": 260, "fields": {"image_task": 44, "user": 3, "label": "landscape", "correct": false}}, {"model": "imagetagging.tag", "pk": 261, "fields": {"image_task": 44, "user": 3, "label": "trees", "correct": false}}, {"model": "imagetagging.tag", "pk": 262, "fields": {"image_task": 44, "user": 3, "label": "clouds", "correct": false}}, {"model": "imagetagging.tag", "pk": 263, "fields": {"image_task": 44, "user": 3, "label": "nature", "correct": false}}, {"model": "imagetagging.tag", "pk": 264, "fields": {"image_task": 45, "user": 3, "label": "camping", "correct": false}}, {"model": "imagetagging.tag", "pk": 265, "fields": {"image_task": 45, "user": 3, "label": "tent", "correct": false}}, {"model": "imagetagging.tag", "pk": 266, "fields": {"image_task": 45, "user": 3, "label": "sunset", "correct": false}}, {"model": "imagetagging.tag", "pk": 267, "fields": {"image_task": 45, "user": 3, "label": "beach", "correct": false}}, {"model": "imagetagging.tag", "pk": 268, "fields": {"image_task": 45, "user": 3, "label": "sand", "correct": false}}, {"model": "imagetagging.tag", "pk": 269, "fields": {"image_task": 45, "user": 3, "label": "sun", "correct": false}}, {"model": "imagetagging.tag", "pk": 270, "fields": {"image_task": 46, "user": 3, "label": "owl", "correct": false}}, {"model": "imagetagging.tag", "pk": 271, "fields": {"image_task": 46, "user": 3, "label": "eyes", "correct": false}}, {"model": "imagetagging.tag", "pk": 272, "fields": {"image_task": 46, "user": 3, "label": "feathers", "correct": false}}, {"model": "imagetagging.tag", "pk": 273, "fields": {"image_task": 46, "user": 3, "label": "nature", "correct": false}}, {"model": "imagetagging.tag", "pk": 274, "fields": {"image_task": 46, "user": 3, "label": "animal", "correct": false}}, {"model": "imagetagging.tag", "pk": 275, "fields": {"image_task": 46, "user": 3, "label": "bird", "correct": false}}, {"model": "imagetagging.tag", "pk": 276, "fields": {"image_task": 47, "user": 3, "label": "airplane", "correct": false}}, {"model": "imagetagging.tag", "pk": 277, "fields": {"image_task": 47, "user": 3, "label": "flying", "correct": false}}, {"model": "imagetagging.tag", "pk": 278, "fields": {"image_task": 47, "user": 3, "label": "sky", "correct": false}}, {"model": "imagetagging.tag", "pk": 279, "fields": {"image_task": 47, "user": 3, "label": "clouds", "correct": false}}, {"model": "imagetagging.tag", "pk": 280, "fields": {"image_task": 47, "user": 3, "label": "sunset", "correct": false}}, {"model": "imagetagging.tag", "pk": 281, "fields": {"image_task": 47, "user": 3, "label": "aircraft", "correct": false}}, {"model": "imagetagging.tag", "pk": 282, "fields": {"image_task": 48, "user": 3, "label": "running", "correct": false}}, {"model": "imagetagging.tag", "pk": 283, "fields": {"image_task": 48, "user": 3, "label": "men", "correct": false}}, {"model": "imagetagging.tag", "pk": 284, "fields": {"image_task": 48, "user": 3, "label": "marathon", "correct": false}}, {"model": "imagetagging.tag", "pk": 285, "fields": {"image_task": 48, "user": 3, "label": "sport", "correct": false}}, {"model": "imagetagging.tag", "pk": 286, "fields": {"image_task": 48, "user": 3, "label": "athletes", "correct": false}}, {"model": "imagetagging.tag", "pk": 287, "fields": {"image_task": 48, "user": 3, "label": "outdoor", "correct": false}}, {"model": "imagetagging.tag", "pk": 288, "fields": {"image_task": 49, "user": 3, "label": "city", "correct": false}}, {"model": "imagetagging.tag", "pk": 289, "fields": {"image_task": 49, "user": 3, "label": "night", "correct": false}}, {"model": "imagetagging.tag", "pk": 290, "fields": {"image_task": 49, "user": 3, "label": "lights", "correct": false}}, {"model": "imagetagging.tag", "pk": 291, "fields": {"image_task": 49, "user": 3, "label": "skyscrapers", "correct": false}}, {"model": "imagetagging.tag", "pk": 292, "fields": {"image_task": 49, "user": 3, "label": "skyline", "correct": false}}, {"model": "imagetagging.tag", "pk": 293, "fields": {"image_task": 49, "user": 3, "label": "architecture", "correct": false}}, {"model": "imagetagging.tag", "pk": 294, "fields": {"image_task": 50, "user": 3, "label": "chair", "correct": false}}, {"model": "imagetagging.tag", "pk": 295, "fields": {"image_task": 50, "user": 3, "label": "wood", "correct": false}}, {"model": "imagetagging.tag", "pk": 296, "fields": {"image_task": 50, "user": 3, "label": "room", "correct": false}}, {"model": "imagetagging.tag", "pk": 297, "fields": {"image_task": 50, "user": 3, "label": "table", "correct": false}}, {"model": "imagetagging.tag", "pk": 298, "fields": {"image_task": 50, "user": 3, "label": "indoor", "correct": false}}, {"model": "imagetagging.tag", "pk": 299, "fields": {"image_task": 50, "user": 3, "label": "window", "correct": false}}, {"model": "imagetagging.tag", "pk": 300, "fields": {"image_task": 51, "user": 3, "label": "palms", "correct": false}}, {"model": "imagetagging.tag", "pk": 301, "fields": {"image_task": 51, "user": 3, "label": "beach", "correct": false}}, {"model": "imagetagging.tag", "pk": 302, "fields": {"image_task": 51, "user": 3, "label": "sea", "correct": false}}, {"model": "imagetagging.tag", "pk": 303, "fields": {"image_task": 51, "user": 3, "label": "paradise", "correct": false}}, {"model": "imagetagging.tag", "pk": 304, "fields": {"image_task": 51, "user": 3, "label": "clouds", "correct": false}}, {"model": "imagetagging.tag", "pk": 305, "fields": {"image_task": 51, "user": 3, "label": "vacation", "correct": false}}, {"model": "imagetagging.tag", "pk": 306, "fields": {"image_task": 52, "user": 3, "label": "rainbow", "correct": false}}, {"model": "imagetagging.tag", "pk": 307, "fields": {"image_task": 52, "user": 3, "label": "field", "correct": false}}, {"model": "imagetagging.tag", "pk": 308, "fields": {"image_task": 52, "user": 3, "label": "grass", "correct": false}}, {"model": "imagetagging.tag", "pk": 309, "fields": {"image_task": 52, "user": 3, "label": "green", "correct": false}}, {"model": "imagetagging.tag", "pk": 310, "fields": {"image_task": 52, "user": 3, "label": "grey", "correct": false}}, {"model": "imagetagging.tag", "pk": 311, "fields": {"image_task": 52, "user": 3, "label": "storm", "correct": false}}, {"model": "imagetagging.tag", "pk": 312, "fields": {"image_task": 53, "user": 3, "label": "winter", "correct": false}}, {"model": "imagetagging.tag", "pk": 313, "fields": {"image_task": 53, "user": 3, "label": "snow", "correct": false}}, {"model": "imagetagging.tag", "pk": 314, "fields": {"image_task": 53, "user": 3, "label": "house", "correct": false}}, {"model": "imagetagging.tag", "pk": 315, "fields": {"image_task": 53, "user": 3, "label": "lake", "correct": false}}, {"model": "imagetagging.tag", "pk": 316, "fields": {"image_task": 53, "user": 3, "label": "trees", "correct": false}}, {"model": "imagetagging.tag", "pk": 317, "fields": {"image_task": 53, "user": 3, "label": "sunset", "correct": false}}, {"model": "imagetagging.tag", "pk": 318, "fields": {"image_task": 54, "user": 3, "label": "sushi", "correct": false}}, {"model": "imagetagging.tag", "pk": 319, "fields": {"image_task": 54, "user": 3, "label": "rice", "correct": false}}, {"model": "imagetagging.tag", "pk": 320, "fields": {"image_task": 54, "user": 3, "label": "fish", "correct": false}}, {"model": "imagetagging.tag", "pk": 321, "fields": {"image_task": 54, "user": 3, "label": "food", "correct": false}}, {"model": "imagetagging.tag", "pk": 322, "fields": {"image_task": 54, "user": 3, "label": "japan", "correct": false}}, {"model": "imagetagging.tag", "pk": 323, "fields": {"image_task": 54, "user": 3, "label": "maki", "correct": false}}, {"model": "imagetagging.tag", "pk": 324, "fields": {"image_task": 55, "user": 3, "label": "bed", "correct": false}}, {"model": "imagetagging.tag", "pk": 325, "fields": {"image_task": 55, "user": 3, "label": "room", "correct": false}}, {"model": "imagetagging.tag", "pk": 326, "fields": {"image_task": 55, "user": 3, "label": "sleeping", "correct": false}}, {"model": "imagetagging.tag", "pk": 327, "fields": {"image_task": 55, "user": 3, "label": "hotel", "correct": false}}, {"model": "imagetagging.tag", "pk": 328, "fields": {"image_task": 55, "user": 3, "label": "pillows", "correct": false}}, {"model": "imagetagging.tag", "pk": 329, "fields": {"image_task": 55, "user": 3, "label": "sheets", "correct": false}}, {"model": "imagetagging.tag", "pk": 330, "fields": {"image_task": 56, "user": 3, "label": "coffee", "correct": false}}, {"model": "imagetagging.tag", "pk": 331, "fields": {"image_task": 56, "user": 3, "label": "espresso", "correct": false}}, {"model": "imagetagging.tag", "pk": 332, "fields": {"image_task": 56, "user": 3, "label": "spoon", "correct": false}}, {"model": "imagetagging.tag", "pk": 333, "fields": {"image_task": 56, "user": 3, "label": "napkin", "correct": false}}, {"model": "imagetagging.tag", "pk": 334, "fields": {"image_task": 56, "user": 3, "label": "brown", "correct": false}}, {"model": "imagetagging.tag", "pk": 335, "fields": {"image_task": 56, "user": 3, "label": "cup", "correct": false}}, {"model": "imagetagging.tag", "pk": 336, "fields": {"image_task": 57, "user": 3, "label": "queue", "correct": false}}, {"model": "imagetagging.tag", "pk": 337, "fields": {"image_task": 57, "user": 3, "label": "people", "correct": false}}, {"model": "imagetagging.tag", "pk": 338, "fields": {"image_task": 57, "user": 3, "label": "waiting", "correct": false}}, {"model": "imagetagging.tag", "pk": 339, "fields": {"image_task": 57, "user": 3, "label": "stairs", "correct": false}}, {"model": "imagetagging.tag", "pk": 340, "fields": {"image_task": 57, "user": 3, "label": "grey", "correct": false}}, {"model": "imagetagging.tag", "pk": 341, "fields": {"image_task": 57, "user": 3, "label": "slide", "correct": false}}, {"model": "imagetagging.tag", "pk": 342, "fields": {"image_task": 58, "user": 3, "label": "nasa", "correct": false}}, {"model": "imagetagging.tag", "pk": 343, "fields": {"image_task": 58, "user": 3, "label": "rocket", "correct": false}}, {"model": "imagetagging.tag", "pk": 344, "fields": {"image_task": 58, "user": 3, "label": "smoke", "correct": false}}, {"model": "imagetagging.tag", "pk": 345, "fields": {"image_task": 58, "user": 3, "label": "launch", "correct": false}}, {"model": "imagetagging.tag", "pk": 346, "fields": {"image_task": 58, "user": 3, "label": "space", "correct": false}}, {"model": "imagetagging.tag", "pk": 347, "fields": {"image_task": 58, "user": 3, "label": "black", "correct": false}}, {"model": "imagetagging.tag", "pk": 348, "fields": {"image_task": 59, "user": 3, "label": "sheep", "correct": false}}, {"model": "imagetagging.tag", "pk": 349, "fields": {"image_task": 59, "user": 3, "label": "street", "correct": false}}, {"model": "imagetagging.tag", "pk": 350, "fields": {"image_task": 59, "user": 3, "label": "shore", "correct": false}}, {"model": "imagetagging.tag", "pk": 351, "fields": {"image_task": 59, "user": 3, "label": "grass", "correct": false}}, {"model": "imagetagging.tag", "pk": 352, "fields": {"image_task": 59, "user": 3, "label": "boat", "correct": false}}, {"model": "imagetagging.tag", "pk": 353, "fields": {"image_task": 59, "user": 3, "label": "sea", "correct": false}}, {"model": "imagetagging.tag", "pk": 354, "fields": {"image_task": 60, "user": 3, "label": "donkey", "correct": false}}, {"model": "imagetagging.tag", "pk": 355, "fields": {"image_task": 60, "user": 3, "label": "light", "correct": false}}, {"model": "imagetagging.tag", "pk": 356, "fields": {"image_task": 60, "user": 3, "label": "fox", "correct": false}}, {"model": "imagetagging.tag", "pk": 357, "fields": {"image_task": 60, "user": 3, "label": "dog", "correct": false}}, {"model": "imagetagging.tag", "pk": 358, "fields": {"image_task": 60, "user": 3, "label": "grass", "correct": false}}, {"model": "imagetagging.tag", "pk": 359, "fields": {"image_task": 60, "user": 3, "label": "sun", "correct": false}}]